accountIdentifier,principal,tokenIds,numberOfTokens
4a5a2fd834c8876f24769b138ffc2b057d9c1f9035eae101ab9631a6db5d07f0,nixkj-77c5e-q7qik-ewuhi-hp4gs-oggzq-fj2v5-62cdz-amjrc-pz2nz-oqe,516;1525;374;1319,4
f44c18611325ddf715e8a8a6f8e8308f2606b2ebc5ca5102f8a4f97981128450,kwte6-azsaw-mek5y-mkcya-4wkkp-fhb76-wzqtt-lwsxz-amgs4-h2wxy-eqe,992;834;228;2311;1767;1960;1257;43;428;1198;1039;207;210;1300;213;342;1082;1499;1916;701;254;287,22
30ab3ce79014b51aef970bf57c38935c53aed1f8c7ed01d806610494d4ee4729,f2nj3-jtefx-xy4b5-pdfia-he3lj-2nbja-h3d2d-syyro-4piss-5ivqe-sqe,240;881;675;420;2135;1401;94;1055,8
2ec67429c352ef38d841f2f2fe5e268df38e9b598baebd101b115910aefc7108,ap2h3-mdvaz-br5tt-s5tst-nap6q-t6kuv-vlwla-a3xvj-f4a4w-4lonn-sqe,1181;61,2
7307ebf97d37a2fe97b683dd622e87f4e44e28770790d3d4981e7f3e6574c29d,,280,1
a8a1887135ef1d46b291bf3d287cdf4325d8211e92a9b2f8ba5a924d28670605,l4t4l-264ub-ysr3o-2lovb-md65r-p3mpa-kjk7a-hmmvt-ya7fh-ljoyg-cae,1813;982;6;1066,4
11806b260a4fb20d968bd555d927e524cfd09d9e573c02e6462bb55218c3a771,4bxu7-fuuct-otitq-emxde-emjvt-xl46f-scuz6-7yzvy-tlrbz-eeeap-oae,1416;1694,2
fa044fa102f7280e7ce5fd256694fc82777fef24c82e6aed9d1dc5f461000006,rym5r-a6mj7-wfv3g-lypjx-ejpxa-vvill-eq4nc-wvx2v-l2c47-jym4p-wqe,452;376,2
9540e850c81fed3d3e63b544d54ac48966cc0a8364024a82e0abd6ad92b461a6,k3vnz-ukxjv-qvzaz-m6fpu-2sdpt-frpgc-o4rym-teurx-ri24u-clam5-uae,71,1
731959b15e709b1f33165a1ff9869df878b48f1311fb0951661588157f746254,3rtwo-vaa53-j522q-p4v2o-pgxfx-fuv6e-3j4nb-xuo6h-jc6a7-dl5fm-3qe,1702;809;1419;2284;109;846;1775;1936;1329;1106;211;1108;1690;2011;1691;27;668;1951,18
64c819a5edcaf4ac0da726944a448dbce1856900443bdcbae81ca794c1de6f0c,4zfc6-pn6z2-h7sa2-ahazx-vbmo3-rppde-7x57p-wl723-vpfzm-7krxb-5ae,1664;2228;1013;1211;1343;511,6
ec88534f0aae86bb92be63703818c2fddbff03178d471f5ddf065f98d253effe,rqjzd-bg2vw-pmzvo-fk45m-lkqot-bwjfb-eejwr-dtbsg-ww6uq-rc6lm-nae,427,1
3b93d4fd8631b8c57a073805a5d2c660e60685ac3b008f07469d726a2cff7163,,300,1
e50d5e8a11611cfc44e2b286bab7b9294ef7e52bdd4d941b81b8167a8ea62922,7fh6l-hw6nb-qs4hg-o37cd-pcrbx-v4yd7-igbnz-fo7ku-fmya5-mgypp-bae,82;140,2
6f4fe26b51ccb028581a5222724d502686a4e08c362d3d5ef4a7325b2d8135ac,stxcp-r4cvs-qgs5i-54htd-5x3of-optjv-bx3lr-663u3-c6uky-qicvu-6ae,1232;496;964;405;476;125,6
84bc6d6383c621bcc9f71a63326dcab6ebcbcf9988829ec790c32fbf9197666f,jt6pq-pfact-6nq4w-xpd7l-jvsh3-ghmvo-yp34h-pmon5-5dcjo-rygay-sqe,262;1543;1033;521;1042;1556;2070;791;540;2334;1566;799;1313;545;292;1573;551;808;1067;302;1842;1075;819;821;1846;316;319;581;838;1353;1612;1360;1362;341;856;1627;1115;91;862;1635;1123;1381;101;615;1385;2161;1393;113;631;1404;637;1407;896;1665;385;642;386;900;906;1931;141;1426;916;1688;925;1182;415;1185;1444;680;168;1705;937;1968;176;1457;1204;952;186;699;444;1990;454;1479;2005;217;1242;1243;1500;479;480;1762;996;1774;497;242;244;501;1527;509,100
e3366ff221abdc1d4d27e4e90de915fd1b7a8e2c6da25eb4a858415aa784f42f,nhmua-clb6g-bwq4j-xncof-cst74-57pq6-mv342-iub2s-rs5ec-baibl-nae,1632;1120;2275;835;1127;1035;1549;1197;1520;1619;2036;2069;1942;54;1656;824;312;1658;954;1244,20
a95e00b7f8aba0d212c466b090f791b4668195c7424fd4c5e288beac2b794bb7,va6r7-v33hl-qubvq-oeyfl-a2mbp-dz5s5-h4zgm-dnjnc-s5uyw-mofpn-jae,2144;416;676;1478;902;135;1448;520;1833;1034;1163;974;943;404;1718;152;2142;1471;671,19
c8426c62a6ef07653aa62e5d5eeedcb1f249c16389e6d884be355a176182d162,,1634;450;290;98;1027;1220;488;1772;1037;624;625;145;658;2067;1974;1591;119;1368;600;1883;1886;318,22
60f6e3719d6052fdcd7e3cc1649c69a6f093fd4361e0e177606c24b72ba273f6,gu2uo-b7oaz-icc4z-7pvis-mwy43-jfpie-lmnn4-g4gpx-re5pz-mvrpq-nae,548;597;874;12;782;95,6
fd079b48e3946c831cab8a8f95191f5ee4c1aa2d234e73d77f29ff2e72422f71,gmhck-vq4mh-ywpzp-fm5mb-avf3s-zglu3-75ovv-rmh2u-c6mut-cihif-wae,263;1437,2
800226c042789e5a7f03f5121f86dd6d0517fef43d8efb44e2d37c9855ca27c7,ybi4b-ho2w6-vmbuh-vlbtg-w2tmm-n2e5o-xfsdn-5i7gt-w4ehe-jrhfl-rae,1410;898;390;1159;1672;1550;1810;1298;147;533;1949;1310;670;158;288;1699;1059;163;1828;1060;553;2351;175;1073;567;315;1214;1728;323;1737;202;1996;1872;1744;1488;1235;1372;348;221;1506;1764;2023;104;2288;758;248;2299;380;2173;2174,50
502062492ecee5b58908839ba094bbd67fa46d3447d4c82b376f09c296ff7e84,23jeh-d4pjo-r2biy-e6hrf-tgo36-xqjrg-kkk5h-lmw7p-rch6o-rz2aa-xqe,1122;610;387;933;1548;1999;143;1233;1526;662;1625;1145;633;569;25;2330;1722;1659;252;797,20
6423375c31aac1fcf49e07bdad180f08fea40b0c2ba315766682129db3d59302,vbw7f-vrvep-gncha-udzry-v736h-gsf7m-kqyob-hawfi-h2swu-k2vsg-wqe,208;321;1922;530;338;20;149;1590;1643;844;573;542,12
186aaec8dba259266e47d2f6fa6df30e27ffd980cc1e1a883605b2a1e1e52a61,v7emq-nwbuf-7bbyo-kxeho-zdiqo-xvbqe-ks6ri-7agso-od3kf-l5kdh-lqe,0;2114;774;1287;1098;266;1551;528;80;1554;1555;1043;1044;535;218;1054;1887;1061;2342;2150;999;103;1388;429;1328;1522;1394;1588;116;1077;123;1406,32
652d35e9ad6d2b1008a900518fdd892d0ae588d33cd292089e8536823b495ec4,o3nat-3ix22-juqph-xdhyp-krhly-vqk3m-c243q-uxuov-vv4yj-3b4j7-mqe,770;1251;2054;695;423,5
a32341a08f1abe215d80b10d5e3a13bbdde1cf10315b44afe9e56052070044d8,7cde5-5jf43-ilqvi-7fzck-dr3yi-mkqzs-jmgk3-6rkqu-fwfxa-grlqy-jae,1959;607,2
d5ad45f75cac1ec1a50bea086ee1bb64816d001c9c01c73289d3310a13e8fa05,kzsss-ygqdw-k3n3y-5iqdn-tjlms-w66wj-ds5wn-3zzch-4adjr-oqkaa-6qe,1056;576;100;1221;261;840;1422;1713;1009;787;1878;1399;183;92;1919;1279;895,17
8bcc124f5894fe8dc6583d63eeb67f0691bc758090c9e35c211dd167f05251bb,3qaxv-ory7o-7ppje-ds54l-gamig-ye7wj-n4yta-vkmms-ki45u-peixf-6qe,2049;1218;1606;1800;9;714;1616;1617;1746;1302;598;1559;1496;920;1308;2205;865;2019;1571;931;419;1639;941;2094;691;698;188,27
ca85448fe8b1dca632de645017b1501d0086479c863f41013179d0477c025904,5isdy-klkm5-u5l35-wlf5n-kvk3i-4x6vv-6ulmo-p3mpp-3ccqv-gwff5-7qe,832;65;1315;35;233;1323;555;2188;1261;303;784;1939;1459;1107;1909;1237;2295;792;1497;1596,20
6b21280a6a7ed503d8e3a05cce90e9b778237badd1830471c2a9c7131d619e6a,cepgi-7eagg-d7zit-qd2vz-5sm4u-e6hot-ncdkj-yppin-pu5pa-ifsu5-vae,1536;224;1428;1252;1062;1146;2203;491;1693;1455,10
9e8242ee5faa8c24b6fb998b05a9cc2cd2bfc280ecaa49612cb397cda9c68ad7,hsial-mstr7-avdv3-6dt3t-aig2p-ruign-vidkk-4zt6z-awa6s-qrz4g-iqe,40,1
0229c08303496965048506ddb105a7ba384c370c172f958bdbd17631e1cfe4b0,jxoza-mwiyn-gz2kc-qxory-3fyji-uyjzz-723f7-efg7q-mfpdj-xwylt-iqe,369;1250;2164;1572;1511;2296,6
b1144ecaa9e4df364cb30da8729695e1775f211778329b29f8c812c82e7afc93,l36yq-7oj53-uj3e5-qbpjc-4yqqa-vr5l5-qbtug-lfddh-jzi5m-ez5ky-zqe,1026,1
78cc47c96b4c2d318002f342fb0658ba4e4183294c0d7f7c3e6489c87d43f064,kwznk-aus3b-qwugi-iu4cm-4yziu-ravts-ofr6q-2fc4r-vdpm3-6uo7k-6ae,577;513;802;1413;1830;903;552;1065;810;2380;1132;1869;1837;877;622;687;1265;371;52;343;1720;953;29,23
50945de9f85ec856c6a8ba4457c048da4f94a0b22878de6334d56f7678cd95f6,iv645-7sxnd-wm3rv-zgbdt-z3cei-4yobc-3o62b-rm227-fvdm5-355kc-qqe,1392;417;866;194;1156;1436,6
59fe1ba5f84295c1b737d0aa8b6211699f55896d62a0e141cd54b3ff5bea4e85,vhqjo-y2o2g-rrezd-amcak-7rtpx-mta4v-i3vq4-zq7hw-osnrp-2jk4l-tqe,1601;1121;737;2242;1671;872;330;2091;1933;749;1487;1071;465;19;1140;1366;1882;1148;1278;894,20
36fd84bfcf589a11ac29b87adc88cb15fe57cbc6ee7191ca99697a85b7032566,afrzs-fgfid-pfrua-bjpge-3bet3-kdiuh-qb6do-ld4lu-j6v6r-nxnho-dqe,1698;1380;1669;326;265;1708;1356;364;2125;1040;1841;401;1910;1049;250;2364;1468;669;798;1119,20
14b5dc953f3f67dec73b066b4bf4a79c8297b70b78dab9481c69ccebaf0d2912,ecxvw-h7aa4-jyrlv-wifkt-rxpo3-4ac3f-4s375-2hquv-irfft-q2dzz-wqe,512;384;256;1475;779;2252;1036;1805;1613;205;78;1423;16;146;1363;339;21;854;150;1249;679;1640;431;367;1405;381,26
113b77ab4bb69319aff8626e4fed071f5aab683d6a285a8e8910fc6043679878,dxfos-dhkl2-iku5k-wrlah-6ty5o-crhze-esoi4-acsrd-qaj34-z6pvv-gqe,1186;2035;639,3
15806158f722ef91da2307ce7dc44a18c3ec75c178415fb1f9e064933e2d1fe7,3txud-fyj6a-76yup-et4mb-jtmwm-ucbzn-lw7wl-w26va-y45mg-i6d2s-jae,128;134;102;327;1512;360;2313;1577;169;10;1741;270;1905;337;245;87;601;281;2010;282;443;59,22
c441d5f0e71e0482a281e6a04da12cacbebda8ab326e5c51e46f09e01ce265cd,ppeau-b5qio-itzct-ggeut-grzne-4k7ps-mrmzy-lxrhe-fpfyn-ockvg-pqe,1857;1155;1989;1429;2326;2264;184;378;362;955;1007;335,12
7f5b1bd4e6fa0fc3fd9f9918b684ca7f93f8f2271b12f95742ac0aca181b5356,u4auy-agl7g-btv2w-5frrn-jmady-geyln-mexxn-7lldm-tdhpe-wmtfg-uqe,912;220,2
ffe590c7f3e1561a75541495348433c82ab785a78acd7156e56aef3f19afdada,aq5df-f3n5i-foqjp-uocjo-k26ax-ln5lt-fk3bh-2vg5w-fudzq-77gbk-tae,1509;62;1583,3
0000000000000000000000000000000000000000000000000000000000000001,,1;2050;2;2052;4;2053;5;2055;8;2057;11;2061;2062;14;15;2064;22;2071;2073;2074;26;2075;2076;2077;2078;31;33;2082;2083;2084;2085;2086;2087;2089;2092;44;2095;47;2096;48;2098;2099;2100;2102;2106;58;2107;2108;2109;2110;2111;2112;2113;2115;2116;2118;2120;2122;74;2123;75;2124;77;2127;2128;2129;2131;2132;2133;2134;88;2137;2138;2140;2141;96;2145;2147;2148;2149;2153;2154;2156;108;2157;2158;110;2160;112;2162;2165;117;2166;2168;2169;2170;126;2175;2176;2177;130;2179;2181;2183;2185;137;2186;2187;2189;2191;2192;144;2193;2194;2196;2197;2198;2199;2200;2201;153;2202;2204;157;2206;2207;2208;160;2209;2210;2212;164;2213;2214;166;167;2216;2217;2219;171;2220;2221;2223;2224;2225;2226;180;2229;181;2230;182;2231;2232;2234;2235;2236;2237;189;2238;190;2239;191;2240;2241;193;2243;195;2246;198;2250;203;204;2253;2254;2255;2256;2258;2259;2261;2263;215;216;2266;2267;2268;2269;2270;2271;223;2272;2273;2274;226;2277;2278;2279;2280;2281;2282;234;235;2285;2286;238;2287;2289;2290;2291;2292;2293;2294;246;247;2298;251;2300;2301;253;2302;2303;255;2304;2305;2306;258;2307;2308;2309;2310;2312;264;2314;2315;2316;268;2317;269;2318;2319;2320;2321;2322;2323;275;2324;2325;2327;2328;2331;2332;2335;2336;2337;289;2338;2339;2340;2341;293;2344;2346;299;2348;2349;2350;2352;304;2353;2354;306;2355;2356;2358;2359;2360;2361;2362;2363;2365;2366;2367;2368;2369;2370;322;2371;2372;2373;2374;2375;328;2377;329;2378;2379;2381;2382;2383;2384;336;2385;2387;2388;340;2389;2390;2391;2392;2393;2394;347;349;2398;350;2399;351;2400;2401;353;2402;2404;356;357;2406;2407;359;2408;2409;2410;2411;2412;2413;2414;366;2415;2416;2417;2418;2419;2420;372;2421;2422;2423;375;2424;2425;377;2426;2427;2428;2429;2430;2431;2432;2433;2434;2435;2436;2437;389;2438;2439;2440;2441;2442;2443;395;2444;2445;2446;398;2447;399;2448;2449;2450;2451;403;2452;2453;2454;406;2456;408;2458;410;2459;411;2460;412;2461;2462;2463;2464;2465;2466;2467;2468;2469;2470;2471;2472;2473;2474;426;2475;2476;2477;2478;430;2479;2480;2481;2482;2483;435;2484;2485;2486;438;2487;2488;2489;2490;442;2491;2492;2493;2494;2495;2496;2497;449;2498;2499;456;461;467;474;485;515;525;543;546;549;561;568;571;572;580;583;585;586;588;592;599;602;603;605;606;609;616;617;623;629;636;640;645;646;651;652;655;659;661;663;664;666;672;684;686;690;696;697;705;706;708;709;710;722;728;734;742;743;744;745;746;747;756;761;762;764;768;769;775;776;778;800;801;806;807;811;812;816;825;827;828;833;842;849;860;861;870;871;876;879;880;890;892;893;899;901;907;909;911;918;921;922;929;932;936;940;949;956;958;965;968;969;976;977;980;984;987;989;993;998;1006;1008;1019;1021;1025;1029;1030;1038;1041;1070;1081;1083;1086;1087;1091;1096;1100;1102;1104;1109;1111;1118;1124;1129;1130;1133;1134;1138;1143;1144;1150;1154;1160;1164;1169;1170;1171;1173;1175;1189;1193;1194;1196;1199;1203;1207;1210;1212;1213;1226;1229;1246;1247;1260;1264;1266;1269;1283;1285;1288;1294;1316;1318;1320;1336;1341;1342;1348;1361;1365;1367;1379;1382;1384;1389;1390;1391;1397;1398;1402;1411;1412;1414;1415;1417;1418;1421;1425;1427;1431;1441;1446;1449;1450;1451;1460;1463;1464;1465;1467;1470;1474;1480;1491;1493;1503;1504;1507;1513;1516;1519;1521;1524;1528;1529;1539;1542;1545;1546;1552;1557;1568;1570;1582;1585;1586;1587;1589;1592;1594;1602;1603;1605;1608;1611;1623;1626;1629;1630;1631;1633;1637;1642;1644;1649;1653;1654;1660;1663;1668;1670;1673;1677;1678;1685;1695;1697;1700;1704;1706;1707;1711;1715;1725;1734;1736;1740;1742;1747;1749;1750;1751;1754;1755;1756;1757;1759;1763;1768;1770;1776;1778;1782;1784;1785;1786;1788;1789;1791;1794;1797;1803;1804;1806;1809;1812;1817;1819;1821;1826;1831;1835;1836;1839;1840;1844;1845;1847;1849;1858;1859;1862;1863;1864;1866;1870;1880;1884;1888;1889;1890;1891;1893;1895;1897;1901;1902;1903;1904;1915;1918;1921;1924;1927;1928;1929;1930;1935;1937;1941;1943;1944;1945;1946;1952;1953;1954;1955;1956;1958;1965;1966;1967;1969;1970;1972;1973;1977;1980;1981;1982;1983;1984;1985;1987;1992;1997;2002;2003;2004;2006;2007;2008;2009;2013;2014;2015;2018;2020;2021;2028;2031;2034;2037;2038;2039;2040;2041;2044;2045,846
8bfdee76384c860d724cc3e2ba4b49b877b7d3c95d55dac5758adc3a3935b165,f3k4c-bdljw-uw4r4-6icnx-hlxpn-f3mb4-2k23r-6uwg7-hpqmc-uif5l-pqe,1731;483;1126;2215;1896;1865;1801;2251;396;1101;1646;1136;272;945;436;923;733;1375;703;159,20
5e48774f9a5e8df421e6cd4a9c03f1980db16de470af0a9da5d640665a8e5cac,dhr23-lj7p6-o4hkt-eit2h-zeeq3-utkap-44s5j-i2iii-aq3vg-a5mw7-iae,1282;915;1674;1322;475;284;2397,7
26b8e2beb1bb9f6de4d9594064beb41778367babbd5c97504643f62f141ce7e0,rypm6-ztvpz-aqr5r-4jpsy-gmh53-jwcir-uhjdi-x7x5n-qqmdr-zsmyd-oae,355;133;1926;1766;2343;967;1994;1523;118;1048;24;121;1723;156;1597;1727,16
844b4340133240b727391d2e8a45d59f3772b3f9d979fdcd5e00cc788b7d4d0f,gnvpq-g5uzy-jtm6a-vroqr-ebao5-r3b5y-nk5ea-d6r4k-4jvrz-tmsqb-xae,532;1991;536,3
8265254e2885dd03485662a9b9e4421e16be1ca6632b75c92b2bf2b2c812f930,bg5z5-k44xg-gpmlj-tw2rp-6kibr-ubpj7-72yng-2cc2h-p2la5-qxbvt-gae,23;489;1532;957,4
feb3dc35d6a688c3579010c1723dbeadc0a6978165633d56bbdbac395b27209f,qtzn6-fcbmk-f2zye-gsrvk-pdc7q-q5qhh-kd3sf-qtlzx-joq4u-vt7j6-zae,1217;354;1827;68;869;1510;1222;295;1868;1484;1293;558;1167;975;1297;1682;437;277;473;732,20
b5e3dc1b2cb8a75bcaa9b160286f56e7b31b5805c083cc6042412f9e80cb9e19,2ge72-dlvtp-4ie3x-ic2ju-7oe4v-6pzuj-foeop-xdtuv-3hyfo-beqpq-7ae,1296;788;934;970,4
b90b37503cd1ff4231b7430a1208fecccb18c16da09bcab6e0db25313a3d522e,ilppi-qyk4c-m5dvh-6oxl4-77jwm-27qoq-kttmx-l67ms-nzqmx-t6raf-7ae,656;1825;51;852;1334;490;236,7
cc3e1d8bcc37022fb8005583c1c43d6543269d0d82f0a0dac14448f8ccacde41,png6r-serfz-53n44-ve7je-p3j4l-7gbo7-6tnli-wqefg-oj6lr-3md5t-iqe,673;1442;67;36;1477;1223;232;1993;1291;397;981;885;1885;927,14
da231562d42385fdc59e9e96385ff3416cae891987b97e3e36c998b6122129de,lbyb4-v5nfi-xq7uf-a6ltw-3z3kt-lo5la-v4vrr-rapkx-te437-pfmv7-gae,432;1273,2
a766a29fb3667a10cc5aa3ec7f5f1c596291ce9e61ec92f39bdee42fff53f669,u7say-t7q7m-gde65-lg47y-uqkwe-fi74i-qzfy4-ejjym-5pr5v-ze6uu-nae,212;138;93;206,4
7b977b5887419547f400638080215db64e733068d38902e145b984b3032ecbbb,oov3d-lbhjk-ukjw6-gwyxr-5zyqi-nwczk-tsqk7-bvnja-lwj2y-meq7d-3qe,352;49;17;786;611;1748;70;2297;2058;1676;1917;1565,12
eba62ff09790de35107a9502cf673a708f5ce4aa9ad04d0e862349c9d25935f8,wn3ei-naq75-oaat7-aouae-xtwxx-o4ytg-gjalf-pj43x-zsabp-uaopu-yqe,1344;448;3;2059;1292;789;1112;604;1569;1508;229;105;363;685;817;115;2357;310;1335;2171;1275;763;379;317;1023,25
b1569a59eea517235679a67be1d1df9b5a6c700656b56116e71f8e14b3f2a585,u3loh-foc5j-kygdy-ngpv6-ifsup-wlgvf-5lazy-hchzz-h3z4w-2ss7u-7ae,1024;1346;1860;260;132;2182;966;647;7;712;72;1481;457;1355;331;1230;1873;1681;1874;531;470;1369;538;155;1117;285;544;225;1765;1125;1894;294;1703;2152;682;554;42;2093;621;173;1202;1332;1208;760;1787;1661;127,47
83251d650cb33eda180565a09fe55562fb72216cbba3faf01ab286e7a6820290,tx2xw-ibwpn-ibt2r-3uopl-a4joy-67n4q-btvqc-cq76o-kj7bc-m532g-aae,1236;124,2
f35323aa5b13fa0a4fed92a580575919a346793c24930ab70ab4f44e539c0ff1,aqmya-2tta5-xerhf-2k6kp-mhhu5-5tqi4-wfhap-w7bkn-yehao-novzj-hae,930;440,2
d8db0cb0837cdbee44a54b244c197fa2a3590476aac979d2df94a5e84a589eb3,rw6vl-rtgmu-xd6vq-wo5zb-urdvb-ib4j6-xdk3g-hs6wc-sjpqv-36u63-oqe,81,1
ccfdf8c671056aa5dbd9a7bd8682903ff1a6376d46f76308c4bbf8fe29590df8,dew2c-oslno-ls7hp-3adol-vevbv-vi37c-nn4tx-7eaeg-33kr4-smnth-sae,1216;864;192;1537;1153;1314;935;455;1227;813;781;462;2063;1584;1906;1074;114;755;499;308;1495;1913;857;794,24
076a6d338b8286f92319a1491a887ac93dbfb1a828d527c8c9b895575be69b78,r4zq5-wjy5j-qb4bp-jl5w5-e5toa-bh32v-wyylb-jtjzh-xt7k2-xxyab-gae,1088;1761;514;563;917;214;1255;1047;57;1850;2283;1502,12
980f9ca59f5c607abe3433df0300a650c8f93273c9e9e763fc38173eb8b6b3d1,kpgsl-vdmz4-a44cj-5p65s-hzpl5-cnu5d-yxmrq-hjod4-gnhhf-vwxum-fae,1792;2178;227;1349;1655;1064;1245,7
98d811940d2188ffeabda24aaca0511b43a1a0bbfa4624ae3a24488217faceda,u4bwp-7f6v6-gui2r-64adg-r2iyy-ewhbw-4gg7b-qeejs-346nn-rirpf-6ae,1045;136,2
a3c3e51da1f347966b407f0804a6f71f66210967d2bd4b32084931dcaa475e11,yjyao-2xjnf-5yb7g-rdxfk-ktryb-ofb3h-fcwv5-fpruj-zoyrw-hba2r-eae,1440;161;97;674;1063;2249;649;41;1386;2029;45;2257;754;1205;694;759;1307;1051;1084;1277,20
09792fd06fd0c2ccc0fb0b8bdc9b2ceb1a4c84b99cc68e4c712ff975a249e425,esvgk-ohsms-rmefa-tuos4-fmo2k-rcyim-4jggo-view2-krx2f-4c7wu-aqe,1184;2081;162;1209;409;201;986;1166,8
86d540dc4edba3b8882dc9720009231e7eeddea29936217b715f280f214a6d44,ka5dt-ckj3z-rpjfp-sprxh-bl35g-opnvg-zyava-nj44p-ioqke-oqc3e-6ae,2032;1745;394;154;2060;1438,6
925884e8e5d8eda8084a76069644a4891d6f7ea1b38999b329e803380404819b,fgnwe-jfhok-eatob-cumab-6kj43-dnjj2-wpems-zontj-btumx-cvizt-aae,2025,1
725d4936e684239ec3cfb16b8c9a7fb15eee8b1e05b70dffa03233875374ad5c,pv6hp-67fqt-t7oge-zijt4-yim56-lvxbq-ppoeq-nfvdf-tgv2e-xkkni-6ae,523,1
10bbe2d7252399e935b7eff703d4e1baa6e61ca8bb17dc90dd6125ed6a50b943,i5e32-kjhjv-qne6a-vgkuw-5nvae-cl6m6-gsvhb-vbnji-ipqgo-ka4u3-lae,2017;1717;325;422;1881;441;345;1934;222;735,10
b499abd8f865363fc8ec0cf8d4c661869cfbcbb213fa1da5b57c7d2114fdd1b0,z7fif-qmi4s-na3kd-kgeum-wyk35-z2v6g-zita3-zbzzz-b554r-cpuy6-dae,643,1
26219409c2635d9bc99d8cbb0e302f7fe022af9e1469fe382b1c3fb6b919b1ac,awmdx-onrpv-kzwjt-jggtq-t3idz-sbrq2-72c6r-7ajlg-5txoj-4ifwe-dqe,960;1667;2117;971;1165;653;1424;785;1240;2457;1305;793;1564;2146;1378;994;1578;1005;495;2033;2101;693;630;1975;1466;382,26
eb15e0364a83aed62c015152a3ede687f6185c8738b276f3a8967d583c5c83b4,tozpi-z4twm-3tqa4-7uuyg-nnezm-jr6fo-a6qww-6gbxp-tid7g-b3sqv-4qe,257;1290;267;526;2068;148;1823;418;805;165;678;1832;1576;424;815;178;179;313;187;1729;1090;199;1352;1224;1609;332;1358;718;1103;720;721;1621;344;1370;219;1373;995;1254;358;230;1383;361;1899;2159;1137;498;1779;886;120;1274;1403;2047,52
03849f6af2b01270c771c070484324631690150f9afb22485bfe8489051ff3b9,p74xm-2mrqr-2lzmw-wyhgf-omyew-f4bmu-2kyoj-2jgks-6q5z6-3asqz-qae,1473;1057;1253;2190,4
3f9f325c21a235b4c88644a5dd629a3195a41fb091ae5ac069fdfec2a6258bfe,hq3ck-zdnza-cqpnm-p7ogc-bwoqo-hehbb-daud3-veika-k4vvn-re2bw-hqe,484;613;69;37;425;939;843;1004;716;590;177;1652;468;1781;1561;1978;1854;863,18
22239b378a431648ae42ea83274870fd7cfeaa77cc745822681f1132412fa9ea,iqnwu-cetn5-kz2v5-x6rzr-qqdbz-qb25t-vmxj5-45gfs-hyil4-ru3hp-cqe,704;259;131;522;333;850;1558;726;279;632;1753;1533;1309;413;383,15
19aec65306703efb421a6d46461370b6f2fc379e95f5c330402ca2f63e0613da,w66p7-ojqgn-kibom-ofuth-iz4rb-kgpsf-ipnm7-beuq7-75um5-mywtw-oqe,1856;997;373;1798;614;1241;1469;1838;1758;510;1215;271,12
59c9fe7e4312b93a7878bed81e46b86f25d52c6fe30e57a67b867ada3911f402,s6bzd-46mcd-mlbx5-cq2jv-m2mhx-nhj6y-erh6g-y73vq-fnfe6-zax3q-mqe,1760;562;2403;1011;1268;1114;1003;527,8
8a0182e437f3a66c8bf5e20bf85cb155a2a0a7a78c77f6c90ade6b0e75d5b3cb,yv7u3-uwrgm-hjl4a-ajc46-ztbw5-a23ke-3bz3o-f3xbt-5ffmi-eha7l-kae,1732;1014;231;780,4
d581f37e9d85a07b8569d08d406c872ff60d6b0f26493260abbe844e7393823a,iwqog-g2hsm-4id7s-d62qn-fgh5u-iuluj-znqcc-u2mtz-zlfp6-vigrv-sqe,1256;13;1710,3
7f315ef5076f638aa27550d5f23ad07f2c9c734736729279f8749199ba6e4f1d,s7llh-7kadl-s6kk2-jczni-olpig-id626-phxdo-a2m2c-rik3v-v2djk-lqe,612;550;534;887;1050;1002;346;1439,8
03643ff591d96eeae9937949c6285c0145886d46eaedf0ab27e45f92943ecae6,,174,1
6ab803f711112449f618c937c6962eb6524649d257f8489b22a7202b27fa575f,iy6lh-dxzrf-km5zw-wq5z4-3t6yr-j53ls-pqbqn-p6mo2-7vx5o-4ehro-uae,641,1
6a82f7e8c2285591ccfd9c20ffdbd710f0f5186d1e0334d3b03f639e53f087ac,3cey4-x5hdl-6ar47-vzvne-bcgig-wbzih-e5bqe-r6nqc-ld362-xpo5o-6qe,803;291;1620;1286;89;63,6
d213b62fa54352a3032dfdc27a7e6b6f660f1663e6d60a269afe009bad10e975,grcwi-s4w4v-mitqx-wvxv4-xmrke-hy3db-i4y7t-xcouf-nq3cd-es3xk-lqe,1600;1409;1281;771;1540;773;582;518;1097;841;1162;1998;1553;209;1938;979;790;407;990;30;1183;736;547;1190;297;1962;1773;1069;365;494;239;1648;368;626;434;307;1908;822;502;56;570;1340;1276;1149,44
25cb64205b762121d9b5e15c6612e7fa78424eea93116f6345ac2741dffd19fc,q3dfi-x4yia-ixzsu-o3u3q-qnagp-slhfm-mbnwf-uid55-24cfc-smbkx-vqe,1824;738;594;1923;644;596;503;537;414;79,10
36787cc4f5eba333476ce012ab3a13c4b1ac98691344b461dd01ea014c69a4b6,o6or7-pje4v-blzqj-xu5uw-e2pd2-kk7yd-7zzck-qs3ug-wub4f-znx35-dae,305;1490;1187;2245,4
ba5e49e604d600b82c0a76218835f75e3658bfe139920f8f8fa84432afd185c3,h2x7q-tcgpl-ucfmu-25elq-k6w2g-x66ys-qdpup-gq2as-a53gz-3xqkk-zqe,32;34;453;38;487;2090;1259;619;139;493;719;402;1811;628;1238;55;1624;477;1726,19
3dbb7f8c7bd3497838ac6479c6245f597a1993f6ab26037600eda59e98d22577,e7wmz-tpnxb-nwuxd-vgqr6-wg65t-7c2b3-2hyyp-z73dr-iy7yd-4j2wl-lae,1538;1284;1541;1031;524;18;1299;1814;1046;1303;2329;539;1053;286;1575;296;1834;298;2347;1324;556;557;1072;560;50;1076;309;311;2104;1080;1339;1085;1089;66;324;1093;837;1095;1610;76;845;334;1615;848;1105;2386;2130;1875;851;83;853;85;90;99;868;2405;2151;1128;873;618;106;2155;1387;1131;107;1900;1907;1396;884;1662;391;905;1675;910;1680;1168;913;657;2195;1683;1684;1430;919;151;1176;1689;1177;667;1948;1950;1443;677;1961;170;2222;1201;433;1716;439;1976;185;1724;700;962;963;451;1738;458;1483;1485;1231;978;2260;469;2262;1248;1505;740;748;237;1518;1267;1780;1783;1271;1017;505;249;1534,129
930775bbf67c25775222651b456ddf83e606211c28916c8969bbacecc1fe7f0d,rmgwx-wkyfe-6whnj-7qf4v-szmfw-4pwjb-imnkj-ol4h5-ob4wh-gbzgf-gqe,393;1743,2
8fa0166bcdb1b7f1de637b88661e8303eeebb023666c8893dfa260afaee9d524,yskcu-kiige-lvdud-35z55-owxvl-52xtd-ntzqs-ztgvv-q32x7-en4m5-pqe,1345;579;2167;2136;1178;1228;446,7
53fc37233ed6e6479721570a7cefbb0e30296ed76a9cef63878a33db404ac6bd,35vwb-zkwso-kr7mj-gocoe-uorla-eclsj-jumnc-cbypf-sl45n-cwacv-2ae,883,1
a766ca15227be5695321da6dca8d077bf712e16a013b1eb4e3ca88ddb8b7d322,ld5uj-tgxfi-jgmdx-ikekg-uu62k-dhhrf-s6jav-3sdbh-4yamx-yzwrs-pqe,2048;1028;517;519;1544;1032;1547;2065;529;2066;2072;1562;2079;1567;1058;1574;2088;1579;1068;1581;559;2097;564;565;1078;2103;1079;1593;1598;574;1599;1092;1094;2119;1607;2121;1099;587;589;2126;1614;1618;595;1113;2139;1628;1116;2143;608;1636;1638;1641;620;1645;1647;1135;111;1650;2163;1651;1139;627;1141;634;635;2172;1151;1152;1666;2180;1157;1158;2184;1161;650;1679;1172;1686;1174;1687;665;1179;1696;2211;1188;1701;1191;1192;2218;1195;683;1709;1712;1200;688;689;1714;2227;692;1206;1719;1721;702;1730;1219;2244;1733;1735;711;2248;1225;1739;715;717;1234;723;724;725;1239;727;1752;2265;730;731;739;741;1769;1258;1771;1262;750;1263;751;1777;753;757;1270;1272;765;1790;766;767;1795;1796;1799;1289;777;1807;1295;783;1808;1815;1816;1304;1818;1306;795;1820;2333;1822;1311;1312;804;1829;1317;2345;1321;1325;814;1327;1330;818;1843;1331;820;1333;1337;1338;826;1851;1852;1853;830;1855;831;1347;1861;1351;2376;1867;1357;1871;847;1876;1364;1877;1879;855;858;2395;1371;2396;1374;1376;867;1892;875;878;882;1395;1911;1912;1400;888;889;1914;891;1920;1408;897;388;1925;904;1932;914;1940;1432;1433;1434;1947;1435;928;1957;1445;421;1447;938;1963;1452;1453;1454;942;1456;944;1458;1971;947;948;1461;1979;445;959;447;1472;961;1986;1988;1476;1482;1995;459;972;973;1486;463;2000;464;2001;466;1492;1494;983;471;2012;988;478;991;2016;482;2024;2026;2027;492;1517;2030;1012;1015;1016;504;2042;1530;1018;2043;1531;507;1020;508;2046;1022,299
b2e600190262b27641aeb0e18e24d678ead4b2ba0c2e8de1f51faed2ffbe726b,jycl5-mloll-sq37s-bhpvq-rgcck-bkpyq-wsizm-gxcmj-duuwm-npbjo-rqe,197;859,2
1d82c90f0109281a1e4d34e1538ac224c7cc384b6e7fdb8b154c10636ce23ece,nu4jm-lscxo-pvia4-kz6as-eojjx-sipvi-r64bp-lfqjy-ccmvp-vmbft-lae,2080;578;2022;1622;1000;392;200;681;1563;1964;1052;638,12
1e942fdb8a3bdda6c5ee0e2c4d97c91e4b8856f8fa5efe12a6eb43fee8f2809e,n75mi-urrv4-ta622-vebk7-ne53f-qzsw4-6lhzp-ywq7a-zyph2-kuqic-iqe,2051;2276;584;908;301;654;752;593;241;370;1301;53;926;1535,14
92aac9631b465a8407efbd96e0ea87a11fef243ba4cb04e59bffee644a41a3d8,wxnnz-bart4-tsufm-hvz3u-fhcgm-vb5yu-ilba5-7qaui-25eg5-nsmbg-zqe,129;707;1604;836;772;196;713;73;1802;460;142;591;400;1489;273;274;276;278;472;729;283;1180;924;796;481;486;39;46;1010;946;500;1142;566;951;2105;314,36
693f2f0013531a519b5a06e455e5caf6cdb9021dae20fba6a519616fe5b4c45e,an2uw-woaeg-p5q6d-h56eg-ollqk-mmfmb-bxjvq-6bzgo-jxm7h-mfmd4-7qe,1280;1110;839;2056;1898;506,6
dc941b958ec49c60a0286c2716732a8e03bae50d4fdc4e90709e846371a7afac,dpj4h-fxuuf-gcbkh-wrx5o-c6fwd-m7bud-4csie-yoorz-qhscd-pfagy-rqe,1377;660;1560;1354;1147;60,6
b85b6487732b39a1f5cadc681a052922d1693407ba59796c47080e94d4b198df,cujps-7cf2q-rjxre-pnl3n-74y4w-jsqwi-ntwkc-vun6e-saa4u-thrf6-7qe,320;1793;2247;648;1001;1514;1580;172;1326;243;84;1462;950;86;823;2233;1657;985;1498;122;1595;1501;829;575,24
742c05e5d88fe44858c2ff6383f5ac8c19660ccafe54f01361b504254daa7197,iq6ab-fsuad-6lmbp-z6vaq-xwcxt-g7h2r-yjqpn-pvgyq-xki3s-v3bdw-5ae,1350;1515;1692;28,4
73d333c1b921844f71c1b959a90d82d4616ce96eeb66335e0561f552cd2c596b,pv7k4-zbh35-zjuw7-7ehic-rrsqf-wn45a-cese2-woiy2-qcovi-szqio-tae,64;1420,2
8d63702967417d8e43eed6748dd1adfc606bf45a1d6e09609629778d1c41b799,wjsnj-qm47j-wkjbc-nrow5-7on2d-tvvir-dn64p-5fcvl-dlc3p-uw3pe-rqe,2455;1848;541;1359,4